fileName,scan#,MzEXP,zEXP,peptide,protein,MzLIB,zLIB,cosine,name,#Peak(Query),#Peaks(Match),shared,ionCount,CompensationVoltage,totalWindowWidth
20190411_DI2A_1to16_n1b.mzXML,620,420.0,2,PLAEGTPR,1/sp|Q13422|IKZF1_HUMAN,420.732334751,2,0.8260247644155531,19479_PLAEGTPR_2,781,20,10,0,-40.0,2.0
20190411_DI2A_1to16_n1b.mzXML,1220,420.0,2,PLAEGTPR,1/sp|Q13422|IKZF1_HUMAN,420.732334751,2,0.9389960939519472,19479_PLAEGTPR_2,1040,20,12,0,-50.0,2.0
20190411_DI2A_1to16_n1b.mzXML,1820,420.0,2,APIIAVTR,1/sp|P14618|KPYM_HUMAN,420.76872025899996,2,0.937904056142297,19269_APIIAVTR_2,1084,20,15,0,-60.0,2.0
20190411_DI2A_1to16_n1b.mzXML,2420,420.0,2,APIIAVTR,1/sp|P14618|KPYM_HUMAN,420.76872025899996,2,0.9898414684013311,19269_APIIAVTR_2,978,20,18,0,-70.0,2.0
20190411_DI2A_1to16_n1b.mzXML,2421,421.0,2,APIIAVTR,1/sp|P14618|KPYM_HUMAN,420.76872025899996,2,0.9896708702951982,19269_APIIAVTR_2,926,20,18,0,-70.0,2.0
20190411_DI2A_1to16_n1b.mzXML,3020,420.0,2,APIIAVTR,1/sp|P14618|KPYM_HUMAN,420.76872025899996,2,0.9894737486673845,19269_APIIAVTR_2,713,20,17,0,-80.0,2.0
20190411_DI2A_1to16_n1b.mzXML,3021,421.0,2,APIIAVTR,1/sp|P14618|KPYM_HUMAN,420.76872025899996,2,0.9907917226023366,19269_APIIAVTR_2,700,20,17,0,-80.0,2.0
20190411_DI2A_1to16_n1b.mzXML,4821,421.0,2,PLAEGTPR,1/sp|Q13422|IKZF1_HUMAN,420.732334751,2,0.8229441482423041,19479_PLAEGTPR_2,930,20,10,0,-50.0,2.0
20190411_DI2A_1to16_n1b.mzXML,6020,420.0,2,APIIAVTR,1/sp|P14618|KPYM_HUMAN,420.76872025899996,2,0.9905434959374798,19269_APIIAVTR_2,287,20,14,0,-70.0,2.0
20190411_DI2A_1to16_n1b.mzXML,6021,421.0,2,APIIAVTR,1/sp|P14618|KPYM_HUMAN,420.76872025899996,2,0.9907080052524632,19269_APIIAVTR_2,235,20,13,0,-70.0,2.0
