fileName,scan,MzEXP,zEXP,peptide,protein,MzLIB,zLIB,cosine,name,#Peak(Query),#Peaks(Match),shared,ionCount,CompensationVoltage,totalWindowWidth
20190411_DI2A_1to16_n1b.mzXML,1220,420.0,2,PLAEGTPR,1/sp|Q13422|IKZF1_HUMAN,420.732334751,2,0.8721875499515908,19479_PLAEGTPR_2,1040,20,10,7992.635070800781,-50.0,2.0
20190411_DI2A_1to16_n1b.mzXML,1820,420.0,2,APIIAVTR,1/sp|P14618|KPYM_HUMAN,420.76872025899996,2,0.9644934917614465,19269_APIIAVTR_2,1084,20,12,15043.39273071289,-60.0,2.0
20190411_DI2A_1to16_n1b.mzXML,2420,420.0,2,APIIAVTR,1/sp|P14618|KPYM_HUMAN,420.76872025899996,2,0.9902492892133345,19269_APIIAVTR_2,978,20,15,405236.00537109375,-70.0,2.0
20190411_DI2A_1to16_n1b.mzXML,2421,421.0,2,APIIAVTR,1/sp|P14618|KPYM_HUMAN,420.76872025899996,2,0.9903587342800444,19269_APIIAVTR_2,926,20,15,310331.75762939453,-70.0,2.0
20190411_DI2A_1to16_n1b.mzXML,3020,420.0,2,APIIAVTR,1/sp|P14618|KPYM_HUMAN,420.76872025899996,2,0.9894995830003522,19269_APIIAVTR_2,713,20,15,292969.9938354492,-80.0,2.0
20190411_DI2A_1to16_n1b.mzXML,3021,421.0,2,APIIAVTR,1/sp|P14618|KPYM_HUMAN,420.76872025899996,2,0.991441376069759,19269_APIIAVTR_2,700,20,15,279567.18099975586,-80.0,2.0
20190411_DI2A_1to16_n1b.mzXML,6020,420.0,2,APIIAVTR,1/sp|P14618|KPYM_HUMAN,420.76872025899996,2,0.9905868182394005,19269_APIIAVTR_2,287,20,12,68063.41394042969,-70.0,2.0
20190411_DI2A_1to16_n1b.mzXML,6021,421.0,2,APIIAVTR,1/sp|P14618|KPYM_HUMAN,420.76872025899996,2,0.9910148541540859,19269_APIIAVTR_2,235,20,11,60558.77267456055,-70.0,2.0
